{"stats":{"minecraft:custom":{"minecraft:jump":128,"minecraft:time_since_rest":6391,"minecraft:crouch_one_cm":8,"minecraft:sprint_one_cm":28325,"minecraft:walk_on_water_one_cm":6116,"minecraft:play_time":9537,"minecraft:damage_taken":130,"minecraft:time_since_death":9537,"minecraft:walk_one_cm":28545,"minecraft:sneak_time":131,"minecraft:total_world_time":9537,"minecraft:walk_under_water_one_cm":3904,"minecraft:swim_one_cm":2608,"minecraft:boat_one_cm":4179,"minecraft:fall_one_cm":3645,"minecraft:fly_one_cm":22692},"minecraft:mined":{"minecraft:dark_oak_log":7},"minecraft:crafted":{"minecraft:dark_oak_planks":4,"minecraft:crafting_table":1,"minecraft:dark_oak_wood":3},"minecraft:picked_up":{"minecraft:dark_oak_log":7,"minecraft:spruce_fence":1}},"DataVersion":3465}