{"stats":{"minecraft:killed":{"minecraft:sheep":3},"minecraft:custom":{"minecraft:time_since_rest":19414,"minecraft:interact_with_furnace":5,"minecraft:sprint_one_cm":159184,"minecraft:damage_taken":494,"minecraft:walk_one_cm":190283,"minecraft:mob_kills":3,"minecraft:drop":10,"minecraft:damage_dealt":220,"minecraft:interact_with_crafting_table":9,"minecraft:swim_one_cm":6204,"minecraft:fly_one_cm":106867,"minecraft:open_barrel":8,"minecraft:open_chest":6,"minecraft:crouch_one_cm":617,"minecraft:play_time":51537,"minecraft:sneak_time":459,"minecraft:walk_under_water_one_cm":4800,"minecraft:boat_one_cm":122749,"minecraft:jump":484,"minecraft:interact_with_blast_furnace":2,"minecraft:walk_on_water_one_cm":9998,"minecraft:time_since_death":51537,"minecraft:sleep_in_bed":1,"minecraft:total_world_time":51537,"minecraft:climb_one_cm":1909,"minecraft:fall_one_cm":10354},"minecraft:used":{"minecraft:cooked_mutton":2,"minecraft:stone_sword":6,"minecraft:stone_pickaxe":5,"minecraft:iron_pickaxe":3,"minecraft:wooden_pickaxe":20,"minecraft:golden_apple":1,"croptopia:toast":5,"minecraft:mutton":1,"minecraft:crafting_table":3},"minecraft:mined":{"minecraft:dark_oak_log":10,"minecraft:crafting_table":2,"minecraft:grass":1,"minecraft:spruce_fence":1,"minecraft:vine":1,"minecraft:tall_grass":1,"regions_unexplored:medium_grass":1,"minecraft:tripwire_hook":1,"minecraft:stone":24,"minecraft:gold_ore":1,"minecraft:fern":1},"minecraft:crafted":{"minecraft:wooden_sword":1,"minecraft:golden_leggings":1,"minecraft:crafting_table":1,"minecraft:stick":12,"minecraft:dark_oak_wood":3,"minecraft:wooden_pickaxe":1,"minecraft:stone_pickaxe":1,"minecraft:stone_sword":1,"croptopia:toast":5,"minecraft:dark_oak_planks":16,"minecraft:cooked_mutton":4},"minecraft:picked_up":{"minecraft:crafting_table":3,"minecraft:tripwire_hook":1,"minecraft:brown_mushroom":1,"minecraft:spruce_fence":3,"minecraft:lily_pad":10,"minecraft:nether_brick_slab":3,"minecraft:spider_eye":1,"minecraft:dark_oak_log":10,"minecraft:dirt":1,"qualitycrops:mutton_iron":1,"minecraft:bone":3,"minecraft:yellow_carpet":1,"bloomingnature:fir_planks":1,"minecraft:wheat_seeds":2,"minecraft:raw_gold":1,"minecraft:gold_ingot":7,"minecraft:light_gray_wool":1,"minecraft:iron_boots":1,"minecraft:mutton":5,"minecraft:skeleton_skull":1,"minecraft:white_wool":2,"minecraft:cobblestone":24},"minecraft:dropped":{"bloomingnature:fir_planks":1,"minecraft:dirt":1,"minecraft:brown_mushroom":1,"minecraft:wheat_seeds":2,"minecraft:lily_pad":9,"minecraft:spruce_fence":2,"minecraft:yellow_carpet":1}},"DataVersion":3465}