{"stats":{"minecraft:custom":{"minecraft:time_since_rest":5218,"minecraft:interact_with_furnace":1,"minecraft:crouch_one_cm":8,"minecraft:play_time":21537,"minecraft:sprint_one_cm":37153,"minecraft:damage_taken":130,"minecraft:walk_one_cm":46958,"minecraft:sneak_time":131,"minecraft:walk_under_water_one_cm":4311,"minecraft:boat_one_cm":4179,"minecraft:jump":169,"minecraft:time_since_death":21537,"minecraft:walk_on_water_one_cm":6805,"minecraft:climb_one_cm":163,"minecraft:total_world_time":21537,"minecraft:swim_one_cm":4765,"minecraft:interact_with_crafting_table":4,"minecraft:fall_one_cm":4063,"minecraft:fly_one_cm":27152},"minecraft:used":{"croptopia:toast":2,"minecraft:crafting_table":1,"minecraft:wooden_pickaxe":16},"minecraft:crafted":{"minecraft:wooden_sword":1,"croptopia:toast":5,"minecraft:dark_oak_planks":16,"minecraft:golden_leggings":1,"minecraft:crafting_table":1,"minecraft:stick":12,"minecraft:wooden_pickaxe":1,"minecraft:dark_oak_wood":3},"minecraft:mined":{"minecraft:grass":1,"minecraft:stone":16,"minecraft:dark_oak_log":10},"minecraft:picked_up":{"minecraft:crafting_table":1,"minecraft:wheat_seeds":1,"minecraft:spruce_fence":1,"minecraft:gold_ingot":7,"minecraft:dark_oak_log":10,"minecraft:cobblestone":15}},"DataVersion":3465}