{"stats":{"minecraft:custom":{"minecraft:time_since_rest":1414,"minecraft:interact_with_furnace":1,"minecraft:sprint_one_cm":57160,"minecraft:damage_taken":130,"minecraft:walk_one_cm":100965,"minecraft:drop":8,"minecraft:interact_with_crafting_table":5,"minecraft:swim_one_cm":6204,"minecraft:fly_one_cm":27236,"minecraft:open_chest":3,"minecraft:crouch_one_cm":617,"minecraft:play_time":33537,"minecraft:sneak_time":432,"minecraft:walk_under_water_one_cm":4800,"minecraft:boat_one_cm":100270,"minecraft:jump":182,"minecraft:walk_on_water_one_cm":6979,"minecraft:time_since_death":33537,"minecraft:sleep_in_bed":1,"minecraft:total_world_time":33537,"minecraft:climb_one_cm":1369,"minecraft:fall_one_cm":4063},"minecraft:used":{"minecraft:stone_pickaxe":5,"minecraft:wooden_pickaxe":20,"croptopia:toast":2,"minecraft:crafting_table":2},"minecraft:mined":{"minecraft:dark_oak_log":10,"minecraft:crafting_table":1,"minecraft:grass":1,"minecraft:stone":24},"minecraft:crafted":{"minecraft:wooden_sword":1,"minecraft:golden_leggings":1,"minecraft:crafting_table":1,"minecraft:stick":12,"minecraft:dark_oak_wood":3,"minecraft:wooden_pickaxe":1,"minecraft:stone_pickaxe":1,"minecraft:stone_sword":1,"croptopia:toast":5,"minecraft:dark_oak_planks":16},"minecraft:picked_up":{"minecraft:crafting_table":2,"minecraft:brown_mushroom":1,"minecraft:spruce_fence":2,"minecraft:lily_pad":5,"minecraft:dark_oak_log":10,"minecraft:dirt":1,"minecraft:yellow_carpet":1,"minecraft:wheat_seeds":2,"minecraft:gold_ingot":7,"minecraft:cobblestone":24},"minecraft:dropped":{"minecraft:dirt":1,"minecraft:brown_mushroom":1,"minecraft:wheat_seeds":2,"minecraft:lily_pad":3,"minecraft:spruce_fence":2,"minecraft:yellow_carpet":1}},"DataVersion":3465}