{"stats":{"minecraft:custom":{"minecraft:time_since_rest":4922,"minecraft:crouch_one_cm":4672,"minecraft:play_time":4922,"minecraft:sprint_one_cm":12521,"minecraft:damage_taken":100,"minecraft:walk_one_cm":15145,"minecraft:sneak_time":703,"minecraft:drop":1,"minecraft:jump":66,"minecraft:time_since_death":4922,"minecraft:total_world_time":4922,"minecraft:interact_with_crafting_table":1,"minecraft:fall_one_cm":2799,"minecraft:fly_one_cm":13739},"minecraft:used":{"minecraft:crafting_table":1,"minecraft:carrot":2,"minecraft:wooden_pickaxe":7},"minecraft:crafted":{"regions_unexplored:blackwood_planks":28,"minecraft:crafting_table":1,"minecraft:stick":4,"minecraft:wooden_pickaxe":1},"minecraft:mined":{"minecraft:grass":1,"regions_unexplored:blackwood_log":7,"minecraft:tall_grass":2,"regions_unexplored:blackwood_leaves":19,"farmersdelight:wild_carrots":6,"minecraft:stone":7},"minecraft:picked_up":{"minecraft:wheat_seeds":1,"minecraft:carrot":6,"regions_unexplored:blackwood_log":7,"minecraft:cobblestone":4},"minecraft:dropped":{"minecraft:wheat_seeds":1}},"DataVersion":3465}