{"stats":{"minecraft:killed":{"minecraft:pig":1,"born_in_chaos_v1:corpse_fish":4},"minecraft:custom":{"minecraft:time_since_rest":7332,"minecraft:sprint_one_cm":64744,"minecraft:damage_taken":160,"minecraft:walk_one_cm":46388,"minecraft:mob_kills":5,"minecraft:drop":1,"minecraft:damage_dealt":495,"minecraft:interact_with_crafting_table":3,"minecraft:swim_one_cm":12672,"minecraft:fly_one_cm":79037,"minecraft:open_barrel":1,"minecraft:open_chest":2,"minecraft:crouch_one_cm":13706,"minecraft:play_time":16922,"minecraft:sneak_time":2905,"minecraft:walk_under_water_one_cm":2262,"minecraft:jump":256,"minecraft:time_since_death":16922,"minecraft:walk_on_water_one_cm":1927,"minecraft:sleep_in_bed":1,"minecraft:total_world_time":16922,"minecraft:fall_one_cm":6730},"minecraft:used":{"minecraft:apple":2,"minecraft:stone_sword":10,"minecraft:stone_pickaxe":28,"minecraft:wooden_pickaxe":16,"minecraft:cobblestone":19,"minecraft:crafting_table":2,"minecraft:carrot":8,"minecraft:yellow_bed":1},"minecraft:crafted":{"regions_unexplored:blackwood_planks":28,"minecraft:crafting_table":1,"minecraft:stick":8,"minecraft:wooden_pickaxe":1,"minecraft:stone_pickaxe":1,"minecraft:stone_sword":1},"minecraft:mined":{"minecraft:hay_block":6,"bloomingnature:fir_planks":2,"farmersdelight:wild_carrots":6,"minecraft:orange_tulip":1,"minecraft:yellow_bed":2,"minecraft:crafting_table":2,"minecraft:grass":1,"minecraft:coal_ore":19,"regions_unexplored:blackwood_log":7,"minecraft:tall_grass":2,"regions_unexplored:blackwood_leaves":19,"minecraft:stone":25,"bloomingnature:fir_window":1},"minecraft:picked_up":{"minecraft:crafting_table":2,"minecraft:porkchop":3,"minecraft:yellow_bed":2,"minecraft:carrot":6,"minecraft:lantern":1,"minecraft:iron_shovel":1,"bloomingnature:fir_planks":2,"minecraft:wheat_seeds":1,"minecraft:hay_block":5,"minecraft:bone_meal":1,"born_in_chaos_v1:rotten_fish":1,"regions_unexplored:blackwood_log":7,"minecraft:coal":19,"minecraft:cobblestone":25},"minecraft:dropped":{"minecraft:wheat_seeds":1}},"DataVersion":3465}