{"stats":{"minecraft:killed":{"minecraft:husk":5,"minecraft:pig":1,"minecraft:witch":1,"born_in_chaos_v1:maggot":3,"minecraft:sheep":4,"minecraft:skeleton":1,"minecraft:chicken":1,"born_in_chaos_v1:corpse_fish":4},"minecraft:custom":{"minecraft:interact_with_smithing_table":4,"minecraft:interact_with_furnace":15,"minecraft:mob_kills":22,"minecraft:interact_with_crafting_table":17,"minecraft:open_barrel":27,"minecraft:damage_dealt_resisted":60,"minecraft:time_since_death":82922,"minecraft:sleep_in_bed":3,"minecraft:climb_one_cm":853,"minecraft:time_since_rest":31413,"minecraft:sprint_one_cm":332028,"minecraft:damage_taken":792,"minecraft:walk_one_cm":276324,"minecraft:trigger_trapped_chest":2,"minecraft:drop":24,"minecraft:damage_dealt":3411,"minecraft:swim_one_cm":32458,"minecraft:fly_one_cm":289117,"minecraft:open_chest":17,"minecraft:crouch_one_cm":24624,"minecraft:play_time":82922,"minecraft:sneak_time":4518,"minecraft:walk_under_water_one_cm":7112,"minecraft:boat_one_cm":130293,"minecraft:interact_with_brewingstand":3,"minecraft:jump":826,"minecraft:interact_with_blast_furnace":3,"minecraft:walk_on_water_one_cm":13291,"minecraft:total_world_time":82922,"minecraft:fall_one_cm":17284},"minecraft:used":{"minecraft:stone_sword":122,"bloomingnature:fir_planks":2,"minecraft:stone_pickaxe":28,"minecraft:wooden_pickaxe":17,"minecraft:crafting_table":4,"regions_unexplored:blackwood_boat":3,"minecraft:carrot":8,"minecraft:apple":2,"minecraft:bread":4,"minecraft:iron_pickaxe":66,"croptopia:toast":10,"minecraft:cobblestone":34,"minecraft:smithing_table":1,"minecraft:furnace":1,"minecraft:yellow_bed":4,"minecraft:iron_leggings":1},"minecraft:broken":{"minecraft:stone_sword":1},"minecraft:crafted":{"regions_unexplored:blackwood_planks":28,"minecraft:crafting_table":1,"minecraft:wooden_pickaxe":1,"minecraft:iron_sword":1,"minecraft:furnace":1,"croptopia:toast":72,"regions_unexplored:blackwood_boat":1,"minecraft:bread":63,"minecraft:air":0,"minecraft:iron_boots":1,"minecraft:shield":1,"minecraft:stick":12,"minecraft:stone_pickaxe":1,"minecraft:stone_sword":1,"minecraft:wheat":182},"minecraft:mined":{"minecraft:smithing_table":1,"create:zinc_ore":1,"regions_unexplored:white_magnolia_leaves":3,"regions_unexplored:duckweed":2,"farmersdelight:wild_carrots":6,"minecraft:crafting_table":4,"minecraft:calcite":5,"minecraft:grass_block":1,"minecraft:spruce_fence":2,"regions_unexplored:pink_magnolia_leaves":1,"minecraft:yellow_carpet":1,"minecraft:nether_brick_slab":2,"regions_unexplored:blackwood_log":7,"minecraft:cobblestone":8,"minecraft:tall_grass":5,"minecraft:diorite":1,"bloomingnature:fir_window":1,"minecraft:spawner":2,"minecraft:large_fern":2,"minecraft:hay_block":27,"minecraft:furnace":1,"bloomingnature:fir_planks":3,"minecraft:tnt":2,"minecraft:orange_tulip":1,"minecraft:yellow_bed":5,"minecraft:stripped_dark_oak_wood":1,"minecraft:grass":3,"minecraft:bookshelf":3,"minecraft:coal_ore":26,"minecraft:cyan_carpet":1,"regions_unexplored:medium_grass":4,"regions_unexplored:blackwood_leaves":19,"minecraft:stone":58,"minecraft:spruce_slab":1,"minecraft:fern":3},"minecraft:picked_up":{"minecraft:crafting_table":4,"minecraft:wheat":9,"minecraft:feather":4,"minecraft:chicken":2,"minecraft:smithing_table":1,"create:raw_zinc":1,"minecraft:lily_pad":21,"minecraft:yellow_bed":5,"regions_unexplored:blackwood_boat":3,"minecraft:lantern":1,"minecraft:iron_shovel":1,"minecraft:cyan_carpet":1,"minecraft:sea_pickle":2,"minecraft:wheat_seeds":2,"minecraft:calcite":5,"minecraft:spruce_slab":1,"regions_unexplored:blackwood_log":7,"regions_unexplored:duckweed":2,"minecraft:furnace":1,"minecraft:book":4,"apotheosis:gem":5,"minecraft:porkchop":3,"minecraft:diorite":1,"minecraft:carrot":6,"bloomingnature:fir_planks":2,"minecraft:hay_block":33,"minecraft:bone_meal":1,"minecraft:spruce_sign":1,"minecraft:emerald":1,"born_in_chaos_v1:rotten_fish":1,"minecraft:mutton":6,"minecraft:coal":44,"minecraft:white_wool":4,"minecraft:cobblestone":65},"minecraft:dropped":{"minecraft:spruce_sign":1,"minecraft:wheat_seeds":2,"minecraft:glass_bottle":1,"minecraft:crafting_table":1,"minecraft:wheat":2,"born_in_chaos_v1:rotten_fish":1,"minecraft:golden_axe":1,"minecraft:feather":4,"minecraft:book":4,"minecraft:iron_boots":1,"regions_unexplored:duckweed":2,"minecraft:stick":6,"minecraft:potato":8,"minecraft:sea_pickle":2,"minecraft:bone_meal":1,"minecraft:golden_hoe":1,"minecraft:wooden_pickaxe":1,"minecraft:white_wool":1,"create:raw_zinc":1,"minecraft:cyan_carpet":1,"minecraft:gold_ingot":7}},"DataVersion":3465}