{"stats":{"minecraft:killed":{"minecraft:pig":1,"minecraft:sheep":4,"minecraft:chicken":1,"born_in_chaos_v1:corpse_fish":4},"minecraft:custom":{"minecraft:mob_kills":10,"minecraft:interact_with_crafting_table":4,"minecraft:open_barrel":5,"minecraft:time_since_death":28922,"minecraft:sleep_in_bed":2,"minecraft:time_since_rest":6391,"minecraft:sprint_one_cm":119148,"minecraft:damage_taken":187,"minecraft:walk_one_cm":87061,"minecraft:drop":12,"minecraft:damage_dealt":855,"minecraft:swim_one_cm":24610,"minecraft:fly_one_cm":143618,"minecraft:open_chest":4,"minecraft:crouch_one_cm":16319,"minecraft:play_time":28922,"minecraft:sneak_time":3266,"minecraft:walk_under_water_one_cm":2935,"minecraft:boat_one_cm":14699,"minecraft:jump":474,"minecraft:walk_on_water_one_cm":4498,"minecraft:total_world_time":28922,"minecraft:fall_one_cm":10877},"minecraft:used":{"minecraft:stone_sword":22,"minecraft:stone_pickaxe":28,"minecraft:wooden_pickaxe":17,"minecraft:crafting_table":3,"regions_unexplored:blackwood_boat":2,"minecraft:carrot":8,"minecraft:apple":2,"minecraft:bread":2,"minecraft:cobblestone":19,"minecraft:yellow_bed":3},"minecraft:mined":{"farmersdelight:wild_carrots":6,"minecraft:crafting_table":3,"minecraft:spruce_fence":2,"regions_unexplored:blackwood_log":7,"minecraft:tall_grass":2,"bloomingnature:fir_window":1,"minecraft:large_fern":1,"minecraft:hay_block":9,"bloomingnature:fir_planks":2,"minecraft:orange_tulip":1,"minecraft:yellow_bed":4,"minecraft:grass":2,"minecraft:coal_ore":19,"regions_unexplored:medium_grass":2,"regions_unexplored:blackwood_leaves":19,"minecraft:stone":25,"minecraft:spruce_slab":1,"minecraft:fern":2},"minecraft:crafted":{"regions_unexplored:blackwood_planks":28,"minecraft:crafting_table":1,"minecraft:wooden_pickaxe":1,"regions_unexplored:blackwood_boat":1,"minecraft:stick":8,"minecraft:stone_pickaxe":1,"minecraft:stone_sword":1},"minecraft:picked_up":{"minecraft:crafting_table":3,"minecraft:feather":4,"minecraft:chicken":2,"minecraft:yellow_bed":4,"regions_unexplored:blackwood_boat":2,"minecraft:lantern":1,"minecraft:iron_shovel":1,"minecraft:cyan_carpet":1,"minecraft:sea_pickle":2,"minecraft:wheat_seeds":1,"minecraft:spruce_slab":1,"regions_unexplored:blackwood_log":7,"minecraft:book":1,"apotheosis:gem":4,"minecraft:porkchop":3,"minecraft:carrot":6,"bloomingnature:fir_planks":2,"minecraft:hay_block":9,"minecraft:bone_meal":1,"minecraft:spruce_sign":1,"born_in_chaos_v1:rotten_fish":1,"minecraft:mutton":6,"minecraft:coal":19,"minecraft:white_wool":4,"minecraft:cobblestone":25},"minecraft:dropped":{"minecraft:spruce_sign":1,"minecraft:wheat_seeds":1,"born_in_chaos_v1:rotten_fish":1,"minecraft:feather":4,"minecraft:book":1,"minecraft:stick":3,"minecraft:sea_pickle":2,"minecraft:bone_meal":1,"minecraft:golden_hoe":1,"minecraft:wooden_pickaxe":1,"minecraft:white_wool":1,"minecraft:cyan_carpet":1}},"DataVersion":3465}