{"stats":{"minecraft:killed":{"minecraft:pig":1,"minecraft:sheep":4,"minecraft:chicken":1,"born_in_chaos_v1:corpse_fish":4},"minecraft:custom":{"minecraft:interact_with_furnace":6,"minecraft:mob_kills":10,"minecraft:interact_with_crafting_table":5,"minecraft:open_barrel":5,"minecraft:time_since_death":40922,"minecraft:sleep_in_bed":3,"minecraft:time_since_rest":5218,"minecraft:sprint_one_cm":160233,"minecraft:damage_taken":197,"minecraft:walk_one_cm":112002,"minecraft:trigger_trapped_chest":2,"minecraft:drop":16,"minecraft:damage_dealt":855,"minecraft:swim_one_cm":31049,"minecraft:fly_one_cm":188071,"minecraft:open_chest":4,"minecraft:crouch_one_cm":18109,"minecraft:play_time":40922,"minecraft:sneak_time":3689,"minecraft:walk_under_water_one_cm":6358,"minecraft:boat_one_cm":14699,"minecraft:jump":584,"minecraft:walk_on_water_one_cm":9833,"minecraft:total_world_time":40922,"minecraft:fall_one_cm":13211},"minecraft:used":{"minecraft:stone_sword":26,"minecraft:stone_pickaxe":28,"minecraft:wooden_pickaxe":17,"minecraft:crafting_table":3,"regions_unexplored:blackwood_boat":3,"minecraft:carrot":8,"minecraft:apple":2,"minecraft:bread":4,"minecraft:iron_pickaxe":22,"minecraft:cobblestone":19,"minecraft:furnace":1,"minecraft:yellow_bed":4},"minecraft:crafted":{"regions_unexplored:blackwood_planks":28,"minecraft:crafting_table":1,"minecraft:wooden_pickaxe":1,"minecraft:furnace":1,"croptopia:toast":9,"regions_unexplored:blackwood_boat":1,"minecraft:air":0,"minecraft:stick":8,"minecraft:stone_pickaxe":1,"minecraft:stone_sword":1},"minecraft:mined":{"create:zinc_ore":1,"regions_unexplored:white_magnolia_leaves":3,"farmersdelight:wild_carrots":6,"minecraft:crafting_table":4,"minecraft:spruce_fence":2,"regions_unexplored:pink_magnolia_leaves":1,"regions_unexplored:blackwood_log":7,"minecraft:tall_grass":3,"bloomingnature:fir_window":1,"minecraft:large_fern":1,"minecraft:hay_block":9,"minecraft:furnace":1,"bloomingnature:fir_planks":2,"minecraft:tnt":2,"minecraft:orange_tulip":1,"minecraft:yellow_bed":5,"minecraft:grass":2,"minecraft:bookshelf":2,"minecraft:coal_ore":26,"regions_unexplored:medium_grass":4,"regions_unexplored:blackwood_leaves":19,"minecraft:stone":37,"minecraft:spruce_slab":1,"minecraft:fern":3},"minecraft:picked_up":{"minecraft:crafting_table":4,"minecraft:feather":4,"minecraft:chicken":2,"create:raw_zinc":1,"minecraft:yellow_bed":5,"regions_unexplored:blackwood_boat":2,"minecraft:lantern":1,"minecraft:iron_shovel":1,"minecraft:cyan_carpet":1,"minecraft:sea_pickle":2,"minecraft:wheat_seeds":1,"minecraft:spruce_slab":1,"regions_unexplored:blackwood_log":7,"minecraft:furnace":1,"minecraft:book":1,"apotheosis:gem":5,"minecraft:porkchop":3,"minecraft:carrot":6,"bloomingnature:fir_planks":2,"minecraft:hay_block":9,"minecraft:bone_meal":1,"minecraft:spruce_sign":1,"born_in_chaos_v1:rotten_fish":1,"minecraft:mutton":6,"minecraft:coal":44,"minecraft:white_wool":4,"minecraft:cobblestone":36},"minecraft:dropped":{"minecraft:spruce_sign":1,"minecraft:wheat_seeds":1,"minecraft:crafting_table":1,"born_in_chaos_v1:rotten_fish":1,"minecraft:golden_axe":1,"minecraft:feather":4,"minecraft:book":1,"minecraft:stick":3,"minecraft:sea_pickle":2,"minecraft:bone_meal":1,"minecraft:golden_hoe":1,"minecraft:wooden_pickaxe":1,"minecraft:white_wool":1,"create:raw_zinc":1,"minecraft:cyan_carpet":1,"minecraft:gold_ingot":7}},"DataVersion":3465}